USER_ID,USER_PROFILE_PICTURE,USERNAME,USER_PASSWORD,EMAIL,FIRST_NAME,LAST_NAME,AGE,CHANNEL_NAME,CHANNEL_DESCRIPTION,CHANNEL_BANNER,SUBSCRIBERS_COUNT,TOTAL_VIEWS,CREATED_AT
kh2bu158k9YMfFHEzoaR6,GE-0leFUTkgvH98srHxrK,CarlMilleraR6,$2a$10$zx/W/4SP/9ZiXCTkZAf8XOaGq3GyhnIdS6ZXvGv1Y6CK5h/oNSEOm,CarlMilleraR6@gmail.com,Carl,Miller,25,MilleraR6Channel,Carl Miller's Channel,rSSP1zk_n0oTFF2s95zaQ,0,0,1651553705
NMegf_fGwwGvrqQ4PtwZ0,f8rHLcXf4VSAGsagW4p8X,WillSmithwZ0,$2a$10$zx/W/4SP/9ZiXCTkZAf8XOaGq3GyhnIdS6ZXvGv1Y6CK5h/oNSEOm,WillSmithwZ0@gmail.com,Will,Smith,25,SmithwZ0Channel,Will Smith's Channel,Fanjf-hZflb8QhzsmwCy8,0,0,1651553705
tSieki4Q4qPDWt1uYLTiX,XTFBC91qbrfdftroY_DiP,SarahJonesTiX,$2a$10$zx/W/4SP/9ZiXCTkZAf8XOaGq3GyhnIdS6ZXvGv1Y6CK5h/oNSEOm,SarahJonesTiX@gmail.com,Sarah,Jones,25,JonesTiXChannel,Sarah Jones's Channel,d4BnT74URmCzU-BjBmuFM,0,0,1651553705
cz6sefC4fBsKRWpaZNX1q,0GlsvmdgfiHzMlffDEMwL,SarahSmithX1q,$2a$10$zx/W/4SP/9ZiXCTkZAf8XOaGq3GyhnIdS6ZXvGv1Y6CK5h/oNSEOm,SarahSmithX1q@gmail.com,Sarah,Smith,25,SmithX1qChannel,Sarah Smith's Channel,wQIbwVGLgDmh872Goo8pP,0,0,1651553705
aZZr6p-lbbS7tuhxrWWPg,MTfszIk2FwR1c1y-j67vw,CarlSmithWPg,$2a$10$zx/W/4SP/9ZiXCTkZAf8XOaGq3GyhnIdS6ZXvGv1Y6CK5h/oNSEOm,CarlSmithWPg@gmail.com,Carl,Smith,25,SmithWPgChannel,Carl Smith's Channel,eS1h5XN-LKIn8uFBURjiR,0,0,1651553705
RZuWh_A8YsnVTlCF5g57r,ajf6K8Jyu1qXxBR2kdXM7,JenWest57r,$2a$10$zx/W/4SP/9ZiXCTkZAf8XOaGq3GyhnIdS6ZXvGv1Y6CK5h/oNSEOm,JenWest57r@gmail.com,Jen,West,25,West57rChannel,Jen West's Channel,g3P5J9ozZi6nib108AfEg,0,0,1651553705
9QyviOQ_d54pFPvSrIC_3,RmwPshijHU6GIKeOLWvDd,SarahJonesC_3,$2a$10$zx/W/4SP/9ZiXCTkZAf8XOaGq3GyhnIdS6ZXvGv1Y6CK5h/oNSEOm,SarahJonesC_3@gmail.com,Sarah,Jones,25,JonesC_3Channel,Sarah Jones's Channel,dGzOd1-SZHv3Q03Om2BUs,0,0,1651553705
StCzhBA9hNm4mshLCBv0y,OD1uWIjqeYFtIN8XfGknw,SarahWebbv0y,$2a$10$zx/W/4SP/9ZiXCTkZAf8XOaGq3GyhnIdS6ZXvGv1Y6CK5h/oNSEOm,SarahWebbv0y@gmail.com,Sarah,Webb,25,Webbv0yChannel,Sarah Webb's Channel,Y3E96WqCJi-aYqZAcZ2Xh,0,0,1651553705
d2yIDWS3V_h-9gIenlO8S,IEEhwnd_AW5zuIjugScf4,SarahJonesO8S,$2a$10$zx/W/4SP/9ZiXCTkZAf8XOaGq3GyhnIdS6ZXvGv1Y6CK5h/oNSEOm,SarahJonesO8S@gmail.com,Sarah,Jones,25,JonesO8SChannel,Sarah Jones's Channel,dxgWoDl7hJFfOxwT_woJo,0,0,1651553705
jzl2xZNpTf93HTY4Ym4Ca,l2iWwM0Yc5_bxNH0BeLfc,LindaGarcia4Ca,$2a$10$zx/W/4SP/9ZiXCTkZAf8XOaGq3GyhnIdS6ZXvGv1Y6CK5h/oNSEOm,LindaGarcia4Ca@gmail.com,Linda,Garcia,25,Garcia4CaChannel,Linda Garcia's Channel,J0cY-UTKpDTdegnSymT8M,0,0,1651553705
g1ty6cSs7KJo-dxBBJWGR,XuH65WMuXX55hLBWISgMR,MaryWestWGR,$2a$10$zx/W/4SP/9ZiXCTkZAf8XOaGq3GyhnIdS6ZXvGv1Y6CK5h/oNSEOm,MaryWestWGR@gmail.com,Mary,West,25,WestWGRChannel,Mary West's Channel,GFNNwVbh0-ZYCETqm33dA,0,0,1651553705
xOpASn1FSn1YKbd85qkIu,OwyjDszXin3KVeOc4APHy,MaxWestkIu,$2a$10$zx/W/4SP/9ZiXCTkZAf8XOaGq3GyhnIdS6ZXvGv1Y6CK5h/oNSEOm,MaxWestkIu@gmail.com,Max,West,25,WestkIuChannel,Max West's Channel,gsH5b07lyC81H9pU9qE8E,0,0,1651553705
NnkysgsU0DalSpfy7VH-i,0R-cGV8uRpH2yMoHAPUqK,RobertPierceH-i,$2a$10$zx/W/4SP/9ZiXCTkZAf8XOaGq3GyhnIdS6ZXvGv1Y6CK5h/oNSEOm,RobertPierceH-i@gmail.com,Robert,Pierce,25,PierceH-iChannel,Robert Pierce's Channel,YPQRDNbKGaBcVJ0uzFwwW,0,0,1651553705
qIw8zpefgAgX1UpllrwSd,h--JlbS4LcwdDbQMXZlGl,MikePiercewSd,$2a$10$zx/W/4SP/9ZiXCTkZAf8XOaGq3GyhnIdS6ZXvGv1Y6CK5h/oNSEOm,MikePiercewSd@gmail.com,Mike,Pierce,25,PiercewSdChannel,Mike Pierce's Channel,8H3kfxZ1vV0vHl3IfWqdz,0,0,1651553705
M1iW-eonkUt5aQ3k6FXK0,WOS10L9zR2JSG7nCBgTs-,KarenWebbXK0,$2a$10$zx/W/4SP/9ZiXCTkZAf8XOaGq3GyhnIdS6ZXvGv1Y6CK5h/oNSEOm,KarenWebbXK0@gmail.com,Karen,Webb,25,WebbXK0Channel,Karen Webb's Channel,gwhvyGk76QLVN4eU-RaJN,0,0,1651553705
-cDNTKvXqYoZEBF4GMq2q,O21MAdHegNz-YOQE-dm0k,ThomasHaleq2q,$2a$10$zx/W/4SP/9ZiXCTkZAf8XOaGq3GyhnIdS6ZXvGv1Y6CK5h/oNSEOm,ThomasHaleq2q@gmail.com,Thomas,Hale,25,Haleq2qChannel,Thomas Hale's Channel,1JSTXbHWpPP-yy3ru4iyw,0,0,1651553705
WBcgFpXVk8YemPOAi3j9B,3se0JHUypu1YD4D8GvcUG,DavidBrownj9B,$2a$10$zx/W/4SP/9ZiXCTkZAf8XOaGq3GyhnIdS6ZXvGv1Y6CK5h/oNSEOm,DavidBrownj9B@gmail.com,David,Brown,25,Brownj9BChannel,David Brown's Channel,8GPsxgXFOvFcmfoHVb5iw,0,0,1651553705
CrowFjT7Xb3itERsgqh3A,EhtZQaIWVMNA-nqjG6BB6,LindaSmithh3A,$2a$10$zx/W/4SP/9ZiXCTkZAf8XOaGq3GyhnIdS6ZXvGv1Y6CK5h/oNSEOm,LindaSmithh3A@gmail.com,Linda,Smith,25,Smithh3AChannel,Linda Smith's Channel,qEtDqmAYpjpuFx_6F2n5U,0,0,1651553705
nPCO2XQ1vf3b8fKQnQGLI,ebI2HbWTGOAkbc0B5iDoj,LindaWestGLI,$2a$10$zx/W/4SP/9ZiXCTkZAf8XOaGq3GyhnIdS6ZXvGv1Y6CK5h/oNSEOm,LindaWestGLI@gmail.com,Linda,West,25,WestGLIChannel,Linda West's Channel,PqevijRSqEmLCEEEots43,0,0,1651553705
Q_IzbBnA8x81fZ194PPey,Y3hhtlw-3wcM75ezaBMb1,KarenDavisPey,$2a$10$zx/W/4SP/9ZiXCTkZAf8XOaGq3GyhnIdS6ZXvGv1Y6CK5h/oNSEOm,KarenDavisPey@gmail.com,Karen,Davis,25,DavisPeyChannel,Karen Davis's Channel,n42ZJ8DIxhGj7rEuzJXL7,0,0,1651553705
4c-o8X_HQ-HS6L1tlIytB,rvTG9DxaJQ9_CQ2M2E3YI,MaxHaleytB,$2a$10$zx/W/4SP/9ZiXCTkZAf8XOaGq3GyhnIdS6ZXvGv1Y6CK5h/oNSEOm,MaxHaleytB@gmail.com,Max,Hale,25,HaleytBChannel,Max Hale's Channel,CAyyjjK2AmUl12wvt8_0p,0,0,1651553705
33GSA2sYIbBljuMx8Xg0z,Bbjwpgmie5Rt4HDyUTM1p,JamesMillerg0z,$2a$10$zx/W/4SP/9ZiXCTkZAf8XOaGq3GyhnIdS6ZXvGv1Y6CK5h/oNSEOm,JamesMillerg0z@gmail.com,James,Miller,25,Millerg0zChannel,James Miller's Channel,CDLYNytzk_tZ-ZmPIlHTJ,0,0,1651553705
JU_s9whAu34q8v1ekrPbP,G2M3WILDB1bW8AjXol_k-,MarySmithPbP,$2a$10$zx/W/4SP/9ZiXCTkZAf8XOaGq3GyhnIdS6ZXvGv1Y6CK5h/oNSEOm,MarySmithPbP@gmail.com,Mary,Smith,25,SmithPbPChannel,Mary Smith's Channel,gxh4D6rPpBuIt26Cze5zo,0,0,1651553705
fSzsfNpjQxp5c4HhAjaup,nVXNmFIXyi0gauboD2wCg,JosephHaleaup,$2a$10$zx/W/4SP/9ZiXCTkZAf8XOaGq3GyhnIdS6ZXvGv1Y6CK5h/oNSEOm,JosephHaleaup@gmail.com,Joseph,Hale,25,HaleaupChannel,Joseph Hale's Channel,1qWoWus2SnrcH_Pm7_ME4,0,0,1651553705
z9hDGLpHuD9scatORE4Rr,4ggndYgaQiyMTIeuq-qWT,LizWest4Rr,$2a$10$zx/W/4SP/9ZiXCTkZAf8XOaGq3GyhnIdS6ZXvGv1Y6CK5h/oNSEOm,LizWest4Rr@gmail.com,Liz,West,25,West4RrChannel,Liz West's Channel,JnCt3ywitYbv3hL1zJr1v,0,0,1651553705
